product_name,rate,product_url
"Globus Сухие продукты экструзионной технологии (СПЭТ) - шарики кукурузные, шоколадные",4.513,https://rskrf.ru/goods/sukhie-produkty-ekstruzionnoy-tekhnologii-spet-shariki-kukuruznye-shokoladnye/
Schär Завтраки сухие: шарики шоколадные Milly Magic,4.330,https://rskrf.ru/goods/zavtraki-sukhie-shariki-shokoladnye-milly-magic/
"Кузя Лакомкин Сухие завтраки. Шарики мультизерновые, глазированные шоколадные, «Кузя Лакомкин»",4.244,https://rskrf.ru/goods/sukhie-zavtraki-shariki-multizernovye-glazirovannye-shokoladnye-kuzya-lakomkin/
"Krosby choco balls Завтраки сухие, экструзионные, из зернового сырья, обогащенные витаминами и минеральными веществами, глазированные шарики шоколадные",4.230,https://rskrf.ru/goods/zavtraki-sukhie-ekstruzionnye-iz-zernovogo-syrya-obogashchennye-vitaminami-i-mineralnymi-veshchestva/
"Коровка Завтраки сухие, фигурные, глазированные. Шарики, вкус шоколада",4.086,https://rskrf.ru/goods/zavtraki-sukhie-figurnye-glazirovannye-shariki-vkus-shokolada/
Любятово Завтраки готовые: шарики шоколадные,4.040,https://rskrf.ru/goods/zavtraki-gotovye-shariki-shokoladnye/
Metro cheff Шарики со вкусом шоколада,3.405,https://rskrf.ru/goods/shariki-so-vkusom-shokolada/
"Mamori Завтраки сухие Crunchy тм Mamori: шарики шоколадные, хрустящие",3.004,https://rskrf.ru/goods/zavtraki-sukhie-crunchy-tm-mamori-shariki-shokoladnye-khrustyashchie/
Ого! Сухие завтраки «Десять витаминов» Choca (шарики со вкусом молочного шоколада),2.916,https://rskrf.ru/goods/sukhie-zavtraki-desyat-vitaminov-choca-shariki-so-vkusom-molochnogo-shokolada/
"Каждый день Сухие завтраки глазированные, без добавления витаминов, сладкие: шоколадные шарики.",2.723,https://rskrf.ru/goods/sukhie-zavtraki-glazirovannye-bez-dobavleniya-vitaminov-sladkie-shokoladnye-shariki/
Spar Завтраки сухие. Хлопья кукурузные,2.259,https://rskrf.ru/goods/zavtraki-sukhie-khlopya-kukuruznye/
"Хороший день Продукты экструзионной технологии сухие. Снеки хрустящие, фигурные, глазированне шоколадным сиропом: шарики",2.146,https://rskrf.ru/goods/produkty-ekstruzionnoy-tekhnologii-sukhie-sneki-khrustyashchie-figurnye-glazirovanne-shokoladnym-sir/
Националь Националь. Крупа рисовая шлифованная (рис круглозерный). Кубанский. Первый сорт.,5.000,https://rskrf.ru/goods/natsional-krupa-risovaya-shlifovannaya-ris-kruglozernyy-kubanskiy-pervyy-sort/
Fine Life Fine Life Крупа рисовая. рис шлифованный. первый сорт,5.000,https://rskrf.ru/goods/fine-life-krupa-risovaya-ris-shlifovannyy-pervyy-sort/
Националь Националь. Крупа рисовая шлифованная (рис круглозерный). Краснодарский. Первый сорт. Высшее качество,5.000,https://rskrf.ru/goods/natsional-krupa-risovaya-shlifovannaya-ris-kruglozernyy-krasnodarskiy-pervyy-sort-vysshee-kachestvo/
Д Д. Крупа рисовая шлифованная. Сорт 1,1.5,https://rskrf.ru/goods/d-krupa-risovaya-shlifovannaya-sort-1/
Селяночка Селяночка Крупа рисовая. Рис шлифованный.Круглозерный Сорт 1,1.5,https://rskrf.ru/goods/selyanochka-krupa-risovaya-ris-shlifovannyy-kruglozernyy-sort-1/
Теплые Традиции Теплые традиции. Крупа рисовая. 1 сорт круглозерный. Шлифованная.,1.5,https://rskrf.ru/goods/teplye-traditsii-krupa-risovaya-1-sort-kruglozernyy-shlifovannaya/
"Дон Густо Крупа рисовая шлифованная, фасованная под торговым наименованием «Рис круглозерный «Дон Густо». Первый сорт.",5.000,https://rskrf.ru/goods/krupa-risovaya-shlifovannaya-fasovannaya-pod-torgovym-naimenovaniem-ris-kruglozernyy-don-gusto-pervy/
Мистраль Мистраль. Крупа рисовая фасованная. Белый круглозерный рис «Кубань». Первый сорт,5.000,https://rskrf.ru/goods/mistral-krupa-risovaya-fasovannaya-belyy-kruglozernyy-ris-kuban-pervyy-sort/
Makfa MAKFA Крупа Рисовая. Рис шлифованный круглозерный. первый сорт,5.000,https://rskrf.ru/goods/makfa-krupa-risovaya-ris-shlifovannyy-kruglozernyy-pervyy-sort/
Пассим Пассим. Крупа рис шлифованный круглозерный. Высший сорт.,5.000,https://rskrf.ru/goods/passim-krupa-ris-shlifovannyy-kruglozernyy-vysshiy-sort/
Еврозлак Еврозлак. Рис круглозерный. Первый сорт.,4.900,https://rskrf.ru/goods/evrozlak-ris-kruglozernyy-pervyy-sort-/
Каждый день КАЖДЫЙ ДЕНЬ. Крупа рисовая шлифованная. Третий сорт.,4.800,https://rskrf.ru/goods/kazhdyy-den-krupa-risovaya-shlifovannaya-tretiy-sort-/
Алейка Мука пшеничная хлебопекарная «Алейка» сорт Высший,5.000,https://rskrf.ru/goods/muka-pshenichnaya-khlebopekarnaya-aleyka-sort-vysshiy/
Французская Штучка Мука пшеничная хлебопекарная «Французская штучка» сорт ЭКСТРА,5.000,https://rskrf.ru/goods/muka-pshenichnaya-khlebopekarnaya-frantsuzskaya-shtuchka-sort-ekstra/
Экстра Мука пшеничная хлебопекарная «Экстра» сорт Высший,5.000,https://rskrf.ru/goods/muka-pshenichnaya-khlebopekarnaya-ekstra-sort-vysshiy/
Makfa Мука пшеничная хлебопекарная «MAKFA»,5.000,https://rskrf.ru/goods/muka-pshenichnaya-khlebopekarnaya-makfa/
Сокольническая Мука пшеничная хлебопекарная «Сокольническая» ТРАДИЦИОННАЯ сорт Высший,4.950,https://rskrf.ru/goods/muka-pshenichnaya-khlebopekarnaya-sokolnicheskaya-traditsionnaya-sort-vysshiy/
"Виктория Мука пшеничная хлебопекарная ""Виктория"" высший сорт",4.900,https://rskrf.ru/goods/muka-pshenichnaya-khlebopekarnaya-viktoriya-vysshiy-sort/
Государевъ Амбар Мука пшеничная хлебопекарная «Государевъ АМБАР» сорт Высший,4.900,https://rskrf.ru/goods/muka-pshenichnaya-khlebopekarnaya-gosudarev-ambar-sort-vysshiy/
Aro Мука пшеничная хлебопекарная «ARO» высший сорт,4.900,https://rskrf.ru/goods/muka-pshenichnaya-khlebopekarnaya-aro-vysshiy-sort/
Горошек Мука пшеничная хлебопекарная «ГОРОШЕК» высший сорт,4.900,https://rskrf.ru/goods/muka-pshenichnaya-khlebopekarnaya-goroshek-vysshiy-sort/
Настюша Мука пшеничная улучшенная «Премьера»«НАСТЮША» сорт Высший,4.900,https://rskrf.ru/goods/muka-pshenichnaya-uluchshennaya-premera-nastyusha-sort-vysshiy/
Рязаночка Мука пшеничная хлебопекарная «Рязаночка» высший сорт,4.900,https://rskrf.ru/goods/muka-pshenichnaya-khlebopekarnaya-ryazanochka-vysshiy-sort/
Myllyn Paras Мука пшеничная высшего сорта «Myllyn Paras»,4.850,https://rskrf.ru/goods/muka-pshenichnaya-vysshego-sorta-myllyn-paras/
Fine life Спагетти «Fine Life»,5.000,https://rskrf.ru/goods/spagetti-fine-life/
Шебекинские Спагетти тонкие №2 Шебекинские,2.5,https://rskrf.ru/goods/shchebekinskie-2-spagetti-tonkie/
Barilla Barilla spaghetti n.5,5.5,https://rskrf.ru/goods/barilla-spaghetti-n-5/
3 Glocken 3 GLOCKEN Genuss PUR Spaghetti,3.3,https://rskrf.ru/goods/3-glocken-genuss-pur-spaghetti/
Federici Спагетти Federici №3,3.5,https://rskrf.ru/goods/federici-3-spagetti-/
De Cecco Спагетти De Cecco № 12,12.5,https://rskrf.ru/goods/de-cecco-12-spagetti-/
Makfa Спагетти MAKFA,5.000,https://rskrf.ru/goods/makfa-spagetti-/
Horeca Select Спагетти «HORECA select»,5.000,https://rskrf.ru/goods/spagetti-horeca-select/
Gallina Blanca Спагетти Gallina Blanca,4.629,https://rskrf.ru/goods/gallina-blanca-spagetti/
Pastazara Спагетти pastaZARA №3,3.4,https://rskrf.ru/goods/spagetti-pastazara-3/
Grand Di Pasta Спагетти Grand DI Pasta,4.618,https://rskrf.ru/goods/grand-di-pasta-spagetti-/
Maltagliati Спагетти Maltagliati №004,004.4,https://rskrf.ru/goods/spagetti-maltagliati-004/
Sea Salt Соль поваренная пищевая молотая «Sea Salt» (морская соль крупная Илецкая),5.000,https://rskrf.ru/goods/sol-povarennaya-pishchevaya-molotaya-sea-salt-morskaya-sol-krupnaya-iletskaya/
Илецкая Соль поваренная пищевая молотая «Илецкая»,5.000,https://rskrf.ru/goods/sol-povarennaya-pishchevaya-molotaya-iletskaya/
О'кей Соль морская поваренная пищевая садочная,5.000,https://rskrf.ru/goods/sol-morskaya-povarennaya-pishchevaya-sadochnaya/
Лента Соль морская поваренная пищевая садочная,5.000,https://rskrf.ru/goods/sol-morskaya-povarennaya-pishchevaya-sadochnaya-aa0e53/
"M&S СОЛЬ ЭКСТРА поваренная пищевая, выварочная",5.000,https://rskrf.ru/goods/sol-ekstra-povarennaya-pishchevaya-vyvarochnaya/
Белёк Соль крупная пищевая каменная,5.000,https://rskrf.ru/goods/sol-krupnaya-pishchevaya-kamennaya/
Морская Плюс (Sea Plus) Cоль пищевая «Морская плюс» мелкая,5.000,https://rskrf.ru/goods/col-pishchevaya-morskaya-plyus-melkaya/
Волшебное Дерево Соль морская,5.000,https://rskrf.ru/goods/sol-morskaya/
Золотой Зубр Соль поваренная пищевая выварочная экстра «Полесье»,5.000,https://rskrf.ru/goods/sol-povarennaya-pishchevaya-vyvarochnaya-ekstra-polese/
"Mareman Соль морская «Sea Salt» натуральная пищевая, поваренная садочная",5.000,https://rskrf.ru/goods/sol-morskaya-sea-salt-naturalnaya-pishchevaya-povarennaya-sadochnaya/
Живая Еда Морская Живая Соль с b-каротином,5.000,https://rskrf.ru/goods/morskaya-zhivaya-sol-s-b-karotinom/
"Соль Астраханского Края Соль Астраханского края, поваренная пищевая молотая",5.000,https://rskrf.ru/goods/sol-astrakhanskogo-kraya-povarennaya-pishchevaya-molotaya/
Шебекинская Гречневая крупа,5.000,https://rskrf.ru/goods/grechnevaya-krupa-c95600/
Перекресток Гречневая крупа,5.000,https://rskrf.ru/goods/grechnevaya-krupa-27ca6c/
"То,Что Надо! Гречневая крупа",5.000,https://rskrf.ru/goods/grechnevaya-krupa-6fc79c/
Греча Крупа гречневая ядрица быстроразваривающаяся (пропаренная). «Греча»,5.000,https://rskrf.ru/goods/krupa-grechnevaya-yadritsa-bystrorazvarivayushchayasya-proparennaya-grecha/
"Гудвилл «Гудвилл» Крупа гречневая ядрица, быстроразваривающаяся (экстра)",5.000,https://rskrf.ru/goods/gudvill-krupa-grechnevaya-yadritsa-bystrorazvarivayushchayasya-ekstra/
Ярмарка Гречка ядрица “Ярмарка” Сорт первый.,5.000,https://rskrf.ru/goods/grechka-yadritsa-yarmarka-sort-pervyy/
Просто Азбука Гречневая крупа,5.000,https://rskrf.ru/goods/grechnevaya-krupa-792197/
Fine life Гречневая крупа,5.000,https://rskrf.ru/goods/grechnevaya-krupa-fda0eb/
Увелка Крупа гречневая ядрица «Экстра» «Увелка»,5.000,https://rskrf.ru/goods/krupa-grechnevaya-yadritsa-ekstra-uvelka/
Makfa Гречневая крупа,5.000,https://rskrf.ru/goods/grechnevaya-krupa-99e3ca/
"Мелькруп «Мелькруп» Крупа гречневая ядрица, быстроразваривающаяся (первый сорт)",5.000,https://rskrf.ru/goods/melkrup-krupa-grechnevaya-yadritsa-bystrorazvarivayushchayasya-pervyy-sort/
"Чистая Крупа «Чистая крупа» гречка ядрица, быстроразваривающаяся (Сорт высший)",5.000,https://rskrf.ru/goods/chistaya-krupa-grechka-yadritsa-bystrorazvarivayushchayasya-sort-vysshiy/
Ближние горки Сервелат «Ближние горки»,4.860,https://rskrf.ru/goods/kolbasa-vareno-kopchenaya-kolbasnoe-izdelie-myasnoe-produkt-kategorii-a/
Ремит Сервелат «Ремит»,4.800,https://rskrf.ru/goods/kolbasa-vareno-kopchenaya-servelat-okhlazhdennaya/
Велком Сервелат «Велком»,4.490,https://rskrf.ru/goods/kolbasnoe-izdelie-kolbasa-vareno-kopchenaya-servelat-myasnoy-produkt-kategorii-a/
Останкино Сервелат «Останкино»,3.898,https://rskrf.ru/goods/servelat-kremlevskiy-izdelie-kolbasnoe-vareno-kopchenoe-/
Рублевский Сервелат «Рублевский»,3.885,https://rskrf.ru/goods/kolbasnoe-izdelie-vareno-kopchenoe-servelat-myasnoy-produkt-kategorii-a-okhlozhdennaya-upakovana-pod/
Мясницкий ряд Сервелат «Мясницкий ряд»,3.485,https://rskrf.ru/goods/kolbasnoe-izdelie-vareno-kopchenaya-kolbasa-servelat-okhlozhdennaya-myasnoy-produkt-kategoriya-a-vak/
Мясновъ Сервелат «Мясновъ»,3.440,https://rskrf.ru/goods/kolbasa-servelat-gost-kolbasnoe-izdelie-vareno-kopchenoe-myasnoy-produkt-kat-a/
Иней Сервелат варено- копченый- колбаса «Иней»,3.310,https://rskrf.ru/goods/servelat-vareno-kopchenyy-kolbasa-iney/
Владимирский стандарт Сервелат «Владимирский стандарт»,3.295,https://rskrf.ru/goods/izdelie-kolbasnoe-varyeno-kopchyenoe-produkt-myasnoy-kategorii-v-kolbasa-varyeno-kopchyenaya-servela/
Клинский Сервелат «Клинский»,3.225,https://rskrf.ru/goods/kolbasnoe-izdelie-kolbasa-vareno-kopchenaya-servelat-myasnoy-produkt-kategorii-a-340gr-v-u/
"Вкусвилл Сервелат «Коньячный», «ВкусВилл»",3.215,https://rskrf.ru/goods/servelat-konyachnyy-vareno-kopchenaya-kolbasa/
Горин продукт Сервелат «Горин продукт»,3.165,https://rskrf.ru/goods/servelat-gubernskiy-okhlazhdyennaya-upakovano-pod-vakuumom/
Окраина Колбаса «Докторская»,4.933,https://rskrf.ru/goods/kolbasa-doktorskaya-okraina/
"Балахоновский Мясокомбинат Колбаса «Докторская» варёная, мясной продукт категории А",4.933,https://rskrf.ru/goods/kolbasa-doktorskaya-varenaya-balakhonovskiy-myasokombinat/
Пит-Продукт Колбаса «Докторская» ГОСТ,4.798,https://rskrf.ru/goods/kolbasa-doktorskaya-pit-produkt/
"Снежана Колбаса «Докторская», мясной продукт. Колбасное изделие вареное категории А «Снежана»",4.798,https://rskrf.ru/goods/kolbasa-doktorskaya-klips-myasnoy-produkt-kolbasnoe-izdelie-varenoe-kategorii-a-snezhana-/
"Мясновъ Колбаса «Докторская», ГОСТ б/о з/а колбасное изделие вареное, котегория А",4.793,https://rskrf.ru/goods/kolbasa-doktorskaya-myasnov/
"Томаровский Мясокомбинат колбасное изделие вареная колбаса «Докторская», мясной продукт категории А охлажденный",4.773,https://rskrf.ru/goods/kolbasa-doktorskaya-tomarovskiy-myasokombinat/
"Колбасный Цех Серышевский Мясное колбасное изделие. Колбаса «Докторская» вареная категории А, охлажденная ГОСТ Р 52196-2011",52196.2011,https://rskrf.ru/goods/myasnoe-kolbasnoe-izdelie-varenoe-kolbasa-doktorskaya-kategorii-a-okhlazhdennaya-gost-r-52196-2011/
Фамильные колбасы Колбаса «Докторская»,4.713,https://rskrf.ru/goods/kolbasa-doktorskaya-familnye-kolbasy/
Агрокомплекс Продукт мясной. Колбасное изделие вареное охлажденное. Колбаса «Докторская» вареная категории А,4.685,https://rskrf.ru/goods/produkt-myasnoy-kolbasnoe-izdelie-varenoe-okhlazhdennoe-kolbasa-varenaya-kategorii-a-doktorskaya/
Ромкор Изделие колбасное вареное. Колбаса «Докторская». Мясной продукт категории А.,4.678,https://rskrf.ru/goods/izdelie-kolbasnoe-varenoe-kolbasa-doktorskaya-myasnoy-produkt-kategorii-a/
Великолукский мясокомбинат Колбаса «Докторская» ГОСТ,4.629,https://rskrf.ru/goods/kolbasa-doktorskaya-velikolukskiy-myasokombinat/
Владимирский стандарт Колбаса «Докторская»,4.567,https://rskrf.ru/goods/kolbasa-doktorskaya-vladimirskiy-standart/
Мясной дом Бородина 1997 Мясной дом Бородина 1997,1997.1997,https://rskrf.ru/goods/sosiski-varenye-molochnye-720gr-myasnoy-produkt-kategorii-b-kolbasnoe-izdelie-okhlazhdennoe-myasnoy-/
Пит-Продукт Пит-Продукт,4.820,https://rskrf.ru/goods/myasnoe-kolbasnoe-izdelie-varenoe-kategorii-b-sosiski-molochnye/
Йола агрохолдинг Йола,4.820,https://rskrf.ru/goods/produkt-myasnoy-kolbasnoe-izdelie-varenoe-kategorii-b/
Бурятмяспром Бурятмяспром,4.820,https://rskrf.ru/goods/kolbasnoe-izdelie-varenoe-sosiski-molochnye-myasnoy-produkt-kategorii-b-gost-r-52196-2011/
Серышевский Серышевский,4.800,https://rskrf.ru/goods/sosiski-kategorii-b-okhlazhdennye-molochnye/
Восточный Восточный,4.640,https://rskrf.ru/goods/sosiski-molochnye-myasnoy-produkt-kategorii-b-okhlazhdennyy/
Микоян Микоян,4.612,https://rskrf.ru/goods/sosiski-molochnye-ts-o-termo-izdelie-kolbasnoe-varyenoe-myasnoy-produkt-kategorii-b-okhlazhdyennyy-u/
Дымов Дымов,4.500,https://rskrf.ru/goods/myasnoy-produkt-izdelie-kolbasnoe-varyenoe-sosiski-kategorii-b-molochnye-vak-upak-st-ves-290g-okhlazh/
Фамильные колбасы Фамильные колбасы,4.473,https://rskrf.ru/goods/varenoe-kolbasnoe-izdelie-myasnaya-produktsiya-sosiski-kategorii-b-molochnye-okhlazhdennye-gost-r-52/
Клинский Клинский,4.447,https://rskrf.ru/goods/sosiski-molochnye-klinskiy/
Сочинский Мясокомбинат Сочинский Мясокомбинат,4.370,https://rskrf.ru/goods/kolbasnoe-izdelie-varenoe-kategorii-b-sosiski-molochnye-/
Великолукский мясокомбинат Великолукский мясокомбинат,4.320,https://rskrf.ru/goods/varenye-sosiski-molochnye-gost-okhl-kolbasnoe-izdelie-myasnoy-produkt-kategorii-b/
Аксинья «Аксинья» шоколад молочный,5.000,https://rskrf.ru/goods/aksinya-shokolad-molochnyy-/
Победа Вкуса «Победа Вкуса» молочный шоколад без сахара,5.000,https://rskrf.ru/goods/pobeda-vkusa-molochnyy-shokolad-bez-sakhara/
Яшкино «Яшкино» молочный шоколад,5.000,https://rskrf.ru/goods/yashkino-molochnyy-shokolad/
Sobranie Sobranie молочный шоколад,5.000,https://rskrf.ru/goods/sobranie-molochnyy-shokolad/
Алёнка «Алёнка» молочный шоколад,5.000,https://rskrf.ru/goods/alyenka-molochnyy-shokolad/
Воздушный «Воздушный» молочный пористый шоколад,5.000,https://rskrf.ru/goods/vozdushnyy-molochnyy-poristyy-shokolad/
Россия Щедрая Душа «Россия Щедрая Душа» молочный шоколад,5.000,https://rskrf.ru/goods/rossiya-shchedraya-dusha-molochnyy-shokolad/
Россия Щедрая Душа «Россия Щедрая Душа» шоколад молочный пористый,5.000,https://rskrf.ru/goods/rossiya-shchedraya-dusha-shokolad-molochnyy-poristyy/
Русский Шоколад «Русский шоколад» молочный пористый,5.000,https://rskrf.ru/goods/russkiy-shokolad-molochnyy-poristyy/
Dove Dove молочный шоколад,5.000,https://rskrf.ru/goods/dove-molochnyy-shokolad/
Fine life Fine Life молочный шоколад,5.000,https://rskrf.ru/goods/fine-life-molochnyy-shokolad/
Karlfazer KarlFazer молочный шоколад,5.000,https://rskrf.ru/goods/karlfazer-molochnyy-shokolad/
6 Соток Огурчики домашние,6.5,https://rskrf.ru/goods/ogurchiki-domashnie/
Globus Огурцы с зеленью в заливке,5.000,https://rskrf.ru/goods/ogurtsy-s-zelenyu-v-zalivke/
Д Корнишоны маринованные,5.000,https://rskrf.ru/goods/kornishony-marinovannye-3de329/
Бояринъ Корнишоны маринованные,5.000,https://rskrf.ru/goods/kornishony-marinovannye-50c093/
Верес Огурцы маринованные,5.000,https://rskrf.ru/goods/ogurtsy-marinovannye-a3290a/
Царь-Овощ Огурцы маринованные 6-9 см,6.9,https://rskrf.ru/goods/ogurtsy-marinovannye-6-9-sm-a0e5ae/
Пятый Сезон Маринованные корнишоны,5.000,https://rskrf.ru/goods/marinovannye-kornishony/
Дядя Ваня Корнишоны по-французски,4.940,https://rskrf.ru/goods/kornishony-po-frantsuzski/
Kuhne Корнишоны маринованные,4.940,https://rskrf.ru/goods/kornishony-marinovannye-6df26e/
Стоевъ Огурцы маринованные 6-9 см,6.9,https://rskrf.ru/goods/ogurtsy-marinovannye-6-9-sm-14fe36/
Sunfeel Корнишоны маринованные,4.840,https://rskrf.ru/goods/kornishony-marinovannye-6ea6d4/
Globus Огурцы маринованные 6-9 см,6.9,https://rskrf.ru/goods/ogurtsy-marinovannye-6-9-sm/
Устькамчатрыба,4.809,https://rskrf.ru/goods/konservy-rybnye-iz-tikhookeanskikh-lososevykh-ryb-nerka-naturalnaya/
Море Внутри (Горбуша),4.694,https://rskrf.ru/goods/konservy-rybnye-sterilizovannye-gorbusha-naturalnaya-cd1fe6/
Пелагус,4.529,https://rskrf.ru/goods/gorbusha-naturalnaya-5c74fd/
Вкусные Консервы,4.429,https://rskrf.ru/goods/gorbusha-naturalnaya-konservy-rybnye-sterilizovannye/
Ультрамарин,4.389,https://rskrf.ru/goods/naturalnye-rybnye-konservy-gorbusha-naturalnaya/
Доброфлот,4.356,https://rskrf.ru/goods/konservy-rybnye-gorbusha-naturalnaya/
5 Морей,5.4,https://rskrf.ru/goods/gorbusha-naturalnaya-5-morey/
Морская Радуга,3.893,https://rskrf.ru/goods/gorbusha-naturalnaya-konservy-rybnye-sterilizovannye-98f8f3/
Морской Котик,3.827,https://rskrf.ru/goods/konservy-rybnye-sterilizovannye-gorbusha-naturalnaya-bed3a9/
Толстый Боцман,3.736,https://rskrf.ru/goods/gorbusha-naturalnaya-139c7c/
Беринг,3.727,https://rskrf.ru/goods/gorbusha-naturalnaya-52bbff/
Китбай,3.435,https://rskrf.ru/goods/konservy-rybnye-gorbusha-naturalnaya-33dcbd/
Капитан Вкусов,4.979,https://rskrf.ru/goods/konservy-rybnye-sterilizovannye-sayra-tikhookeanskaya-naturalnaya-ea02b8/
Курильский Берег,4.946,https://rskrf.ru/goods/konservy-rybnye-sayra-tikhookeanskaya-naturalnaya-a64494/
Доброфлот,4.929,https://rskrf.ru/goods/konservy-rybnye-sayra-tikhookeanskaya-naturalnaya-647d73/
Fortuna,4.842,https://rskrf.ru/goods/konservy-rybnye-sterilizovannye-sayra-v-sobstvennom-soku/
5 Морей,5.4,https://rskrf.ru/goods/sayra-tikhookeanskaya-naturalnaya/
Пелагус,4.769,https://rskrf.ru/goods/konservy-rybnye-sayra-tikhookeanskaya-naturalnaya-fd8fed/
Дальморепродукт,4.769,https://rskrf.ru/goods/konservy-rybnye-sayra-tikhookeanskaya-naturalnaya-9ae3c1/
Ультрамарин,4.764,https://rskrf.ru/goods/konservy-rybnye-sayra-tikhookeanskaya-naturalnaya-ec8e70/
Мореслав,4.753,https://rskrf.ru/goods/konservy-rybnye-naturalnye-sayra-tikhookeanskaya-naturalnaya/
Морская Радуга,4.649,https://rskrf.ru/goods/konservy-rybnye-sterilizovannye-sayra-tikhookeanskaya-naturalnaya-8cdb23/
Каждый день,4.613,https://rskrf.ru/goods/konservy-rybnye-sayra-tikhookeanskaya-naturalnaya-efcdbd/
Море Внутри,4.562,https://rskrf.ru/goods/konservy-rybnye-sterilizovannye-sayra-tikhookeanskaya-naturalnaya/
Дядя Ваня «Дядя Ваня» Консервы натуральные стерилизованные. Горошек зеленый из мозговых сортов,5.000,https://rskrf.ru/goods/dyadya-vanya-konservy-naturalnye-sterilizovannye-goroshek-zelenyy-iz-mozgovykh-sortov/
Heinz Консервы натуральные Горошек зеленый «нежный» Heinz,5.000,https://rskrf.ru/goods/konservy-naturalnye-goroshek-zelenyy-nezhnyy-heinz/
Fine life Fine Life Горошек зеленый из мозговых сортов. Консервы натуральные стерилизованные.,5.000,https://rskrf.ru/goods/fine-life-goroshek-zelenyy-iz-mozgovykh-sortov-konservy-naturalnye-sterilizovannye/
"Грин Рэй «Грин Рэй» Консервы натуральные. Горошек зеленый. Стерилизованный. ""деликатесный горошек нежный""",5.000,https://rskrf.ru/goods/grin-rey-konservy-naturalnye-goroshek-zelenyy-sterilizovannyy-delikatesnyy-goroshek-nezhnyy/
Corrado Corrado Консервы натуральные «горошек зеленый» из мозговых сортов. Стерилизованный. Сорт первый,5.000,https://rskrf.ru/goods/corrado-konservy-naturalnye-goroshek-zelenyy-iz-mozgovykh-sortov-sterilizovannyy-sort-pervyy/
Лента Консервы натуральные. Горошек зеленый высший сорт из мозговых сортов. Стерилизованный,5.000,https://rskrf.ru/goods/konservy-naturalnye-goroshek-zelenyy-vysshiy-sort-iz-mozgovykh-sortov-sterilizovannyy/
Globus Globus Зеленый горошек «Нежный». Консервированный стерилизованный.,5.000,https://rskrf.ru/goods/globus-zelenyy-goroshek-nezhnyy-konservirovannyy-sterilizovannyy/
6 Соток «6 Соток» Консервы натуральные стерилизованные. Горошек зеленый из мозговых сортов. Высший сорт.,6.6,https://rskrf.ru/goods/6-sotok-konservy-naturalnye-sterilizovannye-goroshek-zelenyy-iz-mozgovykh-sortov-vysshiy-sort/
Globus (Глобус) Globus Горошек зеленый из мозговых сортов. Консервы натуральные стерилизованные,5.000,https://rskrf.ru/goods/globus-goroshek-zelenyy-iz-mozgovykh-sortov-konservy-naturalnye-sterilizovannye/
Global Village Global Village Консервы натуральные. Горошек зеленый из мозговых сортов. Консервы стерилизованные,5.000,https://rskrf.ru/goods/global-village-konservy-naturalnye-goroshek-zelenyy-iz-mozgovykh-sortov-konservy-sterilizovannye/
Solvita Solvita Консервы натуральные. Горошек зеленый. Продукт стерилизованный из мозговых сортов.,5.000,https://rskrf.ru/goods/solvita-konservy-naturalnye-goroshek-zelenyy-produkt-sterilizovannyy-iz-mozgovykh-sortov/
Д Дикси «Д» Консервы натуральные стерилизованные. Горошек зеленый из мозговых сортов. Высший сорт.,5.000,https://rskrf.ru/goods/d-konservy-naturalnye-sterilizovannye-goroshek-zelenyy-iz-mozgovykh-sortov-vysshiy-sort/
Пролив,4.327,https://rskrf.ru/goods/proliv/
За Родину,4.263,https://rskrf.ru/goods/za-rodinu/
Goldfish,3.927,https://rskrf.ru/goods/goldfish/
5 Морей,5.3,https://rskrf.ru/goods/5-morey/
Ультрамарин,3.161,https://rskrf.ru/goods/ultramarin/
Пелагус,2.729,https://rskrf.ru/goods/pelagus/
Белый Кит,2.661,https://rskrf.ru/goods/belyy-kit/
Беринг,2.263,https://rskrf.ru/goods/bering/
Знак Качества,2.228,https://rskrf.ru/goods/znak-kachestva/
Вкусные Консервы,1.729,https://rskrf.ru/goods/vkusnye-konservy/
Дары Кубани Масло подсолнечное нерафинированное «Дары Кубани»,5.000,https://rskrf.ru/goods/maslo-podsolnechnoe-nerafinirovannoe-dary-kubani/
Кубанское Любимое Масло подсолнечное нерафинированное «Кубанское любимое»,5.000,https://rskrf.ru/goods/maslo-podsolnechnoe-nerafinirovannoe-kubanskoe-lyubimoe/
Слобода Масло подсолнечное нерафинированное «Слобода»,5.000,https://rskrf.ru/goods/maslo-podsolnechnoe-nerafinirovannoe-sloboda/
Затея Масло нерафинированное подсолнечное «Затея»,5.000,https://rskrf.ru/goods/maslo-nerafinirovannoe-podsolnechnoe-zateya/
Globus Масло подсолнечное нерафинированное «GLOBUS»,5.000,https://rskrf.ru/goods/maslo-podsolnechnoe-nerafinirovannoe-globus/
Алёнушка Масло подсолнечное нерафинированное «Аленушка»,5.000,https://rskrf.ru/goods/maslo-podsolnechnoe-nerafinirovannoe-alenushka/
Дары Придонья Масло подсолнечное нерафинированное «Дары Придонья»,5.000,https://rskrf.ru/goods/maslo-podsolnechnoe-nerafinirovannoe-dary-pridonya/
Золотая Семечка Масло подсолнечное нерафинированное «Золотая семечка»,5.000,https://rskrf.ru/goods/maslo-podsolnechnoe-nerafinirovannoe-zolotaya-semechka/
Каждый день Масло подсолнечное нерафинированное «Каждый день»,5.000,https://rskrf.ru/goods/maslo-podsolnechnoe-nerafinirovannoe-kazhdyy-den/
Кубаночка Масло подсолнечное нерафинированное «Кубаночка»,5.000,https://rskrf.ru/goods/maslo-podsolnechnoe-nerafinirovannoe-kubanochka/
Россиянка Масло подсолнечное нерафинированное «Россиянка»,5.000,https://rskrf.ru/goods/maslo-podsolnechnoe-nerafinirovannoe-rossiyanka/
Селяночка Масло подсолнечное нерафинированное «Селяночка»,5.000,https://rskrf.ru/goods/maslo-podsolnechnoe-nerafinirovannoe-selyanochka/
"Щедрое Лето Масло подсолнечное рафинированное дезодорированное вымороженное, первый сорт",5.000,https://rskrf.ru/goods/maslo-podsolnechnoe-rafinirovannoe-dezodorirovannoe-vymorozhennoe-pervyy-sort-f70b24/
Кубанское Любимое Масло подсолнечное рафинированное дезодорированное,5.000,https://rskrf.ru/goods/maslo-podsolnechnoe-rafinirovannoe-dezodorirovannoe-da3b5b/
"Первым делом Масло подсолнечное рафинированное дезодорированное, высший сорт",5.000,https://rskrf.ru/goods/maslo-podsolnechnoe-rafinirovannoe-dezodorirovannoe-vysshiy-sort/
Aro Масло подсолнечное рафинированное дезодорированное,5.000,https://rskrf.ru/goods/maslo-podsolnechnoe-rafinirovannoe-dezodorirovannoe/
"Лента Масло подсолнечное рафинированное дезодорированное высшего сорта, вымороженное",5.000,https://rskrf.ru/goods/maslo-podsolnechnoe-rafinirovannoe-dezodorirovannoe-vysshego-sorta-vymorozhennoe/
Красная цена Масло подсолнечное рафинированное дезодорированное первого сорта,5.000,https://rskrf.ru/goods/maslo-podsolnechnoe-rafinirovannoe-dezodorirovannoe-pervogo-sorta/
365 дней Масло подсолнечное рафинированное дезодорированное,365.5,https://rskrf.ru/goods/maslo-podsolnechnoe-rafinirovannoe-dezodorirovannoe-524c77/
Д Масло подсолнечное рафинированное дезодорированное,5.000,https://rskrf.ru/goods/maslo-podsolnechnoe-rafinirovannoe-dezodorirovannoe-384680/
Globus Масло подсолнечное рафинированное дезодорированное высшего сорта,5.000,https://rskrf.ru/goods/maslo-podsolnechnoe-rafinirovannoe-dezodorirovannoe-vysshego-sorta/
Солнечная Линия Масло подсолнечное рафинированное дезодорированное вымороженное,5.000,https://rskrf.ru/goods/maslo-podsolnechnoe-rafinirovannoe-dezodorirovannoe-vymorozhennoe-3450a1/
Злато 100% подсолнечное рафинированное дезодорированное вымороженное масло,100.5,https://rskrf.ru/goods/100-podsolnechnoe-rafinirovannoe-dezodorirovannoe-vymorozhennoe-maslo-c06284/
Золотая Лейка Масло подсолнечное рафинированное дезодорированное вымороженное,5.000,https://rskrf.ru/goods/maslo-podsolnechnoe-rafinirovannoe-dezodorirovannoe-vymorozhennoe-eb4146/
Беллакт оптимум 1,1.5,https://rskrf.ru/goods/smes-sukhaya-molochnaya-dlya-pitaniya-detey-rannego-vozrasta-bellakt-optimum-1-/
Semper,4.949,https://rskrf.ru/goods/produkt-detskogo-pitaniya-dlya-detey-rannego-vozrasta-sukhaya-bystrorastvorimaya-nachalnaya-adaptiro/
Valio baby,4.931,https://rskrf.ru/goods/smes-molochnaya-sukhaya-nachalnaya-adaptirovannaya-valio-baby-1-nutrivalio-dlya-pitaniya-detey-s-rozh/
Винни,4.546,https://rskrf.ru/goods/smes-molochnaya-sukhaya-adaptirovannaya-dlya-detskogo-pitaniya-s-0-do-12-mesyatsev-vinni-/
Nan optipro premium,4.515,https://rskrf.ru/goods/cukhaya-bystrorastvorimaya-adaptirovannaya-molochnaya-smes-nan-1-optipro-s-pribiotikami-dlya-pitaniya/
Мamako premium,4.482,https://rskrf.ru/goods/sukhaya-adaptirovannaya-molochnaya-smes-na-osnove-kozego-moloka-dlya-detey-ot-0-do-6-mes/
Bebi premium,4.473,https://rskrf.ru/goods/smes-molochnaya-sukhaya-adaptirovannaya-bebi-premium-dlya-smeshannogo-i-iskusstvennogo-vskarmlivaniya/
Nutrilak premium 1,1.4,https://rskrf.ru/goods/cmes-molochnaya-sukhaya-adaptirovannaya-nachalnaya-s-rozhdeniya-nutrilak-premium-1/
Nuppi gold,4.458,https://rskrf.ru/goods/nuppi-gold-1-nuppi-gold-1-smes-molochnaya-sukhaya-nachalnaya-adaptirovnnaya-dlya-detey-s-rozhdeniya-/
Nutricia малютка,4.342,https://rskrf.ru/goods/smes-molochnaya-sukhaya-nachalnaya-adaptirovannaya-s-prebiotikami-malyutka-dlya-pitaniya-detey-s-rozh/
Малыш истринский,4.273,https://rskrf.ru/goods/smes-molochnaya-sukhaya-nachalnaya-adaptirovannaya-1-malysh-istrinskiy/
Frisolac gold,4.248,https://rskrf.ru/goods/sukhaya-adaptirovannaya-nachalnaya-molochnaya-smes-dlya-detskogo-pitaniya-s-rozhdeniya-do-6-mesyatse/
"Коровка из Кореновки Сырок творожный, ванильный, глазированный, в молочном шоколаде «Коровка из Кореновки», 50 г., 23%.",50.23,https://rskrf.ru/goods/syrok-tvorozhnyy-vanilnyy-glazirovannyy-v-molochnom-shokolade-korovka-iz-korenovki-50-g-23-/
"Чудо Сырок со вкусом ванили, глазированный «Чудо», 40 г., 25,6%.",40.25,https://rskrf.ru/goods/syrok-so-vkusom-vanili-glazirovannyy-chudo-40-g-25-6-/
"Ностальгия Сырок творожный, глазированный, с ванилью «Ностальгия», 45 г., 23%.",45.23,https://rskrf.ru/goods/syrok-tvorozhnyy-glazirovannyy-s-vanilyu-nostalgiya-45-g-23-/
"О'кей Сырок творожный, глазированный, с ванилью «О’кей», 45 г., 26%.",45.26,https://rskrf.ru/goods/syrok-tvorozhnyy-glazirovannyy-s-vanilyu-o-key-45-g-26-/
"Простоквашино Сырок глазированный, со вкусом ванили «Простоквашино», 40 г., 20%.",40.20,https://rskrf.ru/goods/syrok-glazirovannyy-so-vkusom-vanili-prostokvashino-40-g-20-/
"Б.Ю. Александров Сырок творожный, глазированный «Б.Ю. Александров» в молочном шоколаде, с ванилью, 50 г., 26%.",50.26,https://rskrf.ru/goods/syrok-tvorozhnyy-glazirovannyy-b-yu-aleksandrov-v-molochnom-shokolade-s-vanilyu-50-g-26-/
"Свитлогорье Сырок «Свитлогорье» творожный, глазированный, с ванилином, 50 г., 26%.",50.26,https://rskrf.ru/goods/syrok-svitlogore-tvorozhnyy-glazirovannyy-s-vanilinom-50-g-26-/
"Советские традиции Сырок творожный, глазированный, с ванилью «Советские традиции», 45 г., 26%.",45.26,https://rskrf.ru/goods/syrok-tvorozhnyy-glazirovannyy-s-vanilyu-sovetskie-traditsii-45-g-26-/
"Billa Сырок творожный, глазированный, с ароматом ванили «Billa», 45 г., 20%.",45.20,https://rskrf.ru/goods/syrok-tvorozhnyy-glazirovannyy-s-aromatom-vanili-billa-45-g-20-/
"Ростагроэкспорт Сырок «Ростагроэкспорт» творожный, глазированный, с ароматом ванили. Массовая доля жира - 45 г., 20%.",45.20,https://rskrf.ru/goods/syrok-rostagroeksport-tvorozhnyy-glazirovannyy-s-aromatom-vanili-massovaya-dolya-zhira-45-g-20-/
"Буренкино «Буренкино». Сырок творожный, глазированный, с ванилью, 45 г., 23%.",45.23,https://rskrf.ru/goods/burenkino-syrok-tvorozhnyy-glazirovannyy-s-vanilyu-45-g-23-/
"Вологодский Сырок творожный, глазированный, с ванилином «Вологодский», 45 г., 23%.",45.23,https://rskrf.ru/goods/syrok-tvorozhnyy-glazirovannyy-s-vanilinom-vologodskiy-45-g-23-/
Б.Ю. Александров Сыр плавленый сливочный «Б.Ю. Александров»,4.570,https://rskrf.ru/goods/syr-plavlenyy-slivochnyy-b-yu-aleksandrov-/
Веселый молочник Сыр плавленый сливочный «Веселый Молочник»,4.500,https://rskrf.ru/goods/syr-plavlenyy-slivochnyy-veselyy-molochnik/
Hochland Сыр плавленый Hochland сливочный,4.495,https://rskrf.ru/goods/syr-plavlenyy-hochland-slivochnyy/
"Авида Сыр плавленый, пастообразный, сливочный «Авида»",4.435,https://rskrf.ru/goods/syr-plavlenyy-pastoobraznyy-slivochnyy-avida/
Сыробогатов Сыр плавленый «Сливочный» «Сыробогатов»,4.395,https://rskrf.ru/goods/syr-plavlenyy-slivochnyy-syrobogatov/
"Viola Сыр плавленый «Виола», «Сливочный»",4.380,https://rskrf.ru/goods/syr-plavlenyy-viola-slivochnyy/
Переяславль Плавленый сыр сливочный «Переяславль»,4.365,https://rskrf.ru/goods/plavlenyy-syr-slivochnyy-pereyaslavl/
Ласковое лето Сыр плавленый сливочный «Ласковое лето»,4.305,https://rskrf.ru/goods/syr-plavlenyy-slivochnyy-laskovoe-leto/
Президент Сыр плавленый «Сливочный» «Президент»,4.220,https://rskrf.ru/goods/syr-plavlenyy-slivochnyy-prezident/
Карат Сыр плавленый сливочный «Карат»,4.210,https://rskrf.ru/goods/syr-plavlenyy-slivochnyy-karat-/
Rokler Сыр плавленый пастообразный сливочный тм Rokler,4.185,https://rskrf.ru/goods/syr-plavlenyy-pastoobraznyy-slivochnyy-tm-rokler/
Чуйский Сыр плавленый «Чуйский» сливочный,4.185,https://rskrf.ru/goods/syr-plavlenyy-chuyskiy-slivochnyy/
"Томмолоко Кефир с массовой долей жира 2,5% «Томмолоко»",2.5,https://rskrf.ru/goods/kefir-s-massovoy-doley-zhira-2-5-tommoloko/
"Рузский Кефир с массовой долей жира 2,5% «Рузский»",2.5,https://rskrf.ru/goods/kefir-s-massovoy-doley-zhira-2-5-ruzskiy/
"36 копеек Кефир 3,2% жирности «36 копеек»",36.3,https://rskrf.ru/goods/kefir-3-2-zhirnosti-36-kopeek/
"Останкинское 1955 Кефир 3,2% жирности «Останкинское 1955»",1955.3,https://rskrf.ru/goods/kefir-3-2-zhirnosti-ostankinskoe-1955/
"Parmalat Кефир с массовой долей жира 3,2% Parmalat",3.2,https://rskrf.ru/goods/kefir-s-massovoy-doley-zhira-3-2-parmalat/
"Агрокомплекс Кефир, 2,5% жирности «Агрокомплекс»",2.5,https://rskrf.ru/goods/kefir-2-5-zhirnosti-agrokompleks/
"Простоквашино Кефир с массовой долей жира 2,5% «Простоквашино»",2.5,https://rskrf.ru/goods/kefir-s-massovoy-doley-zhira-2-5-prostokvashino/
"Домик в деревне Кефир с массовой долей жира 2,5% «Домик в деревне»",2.5,https://rskrf.ru/goods/kefir-s-massovoy-doley-zhira-2-5-domik-v-derevne/
"Нежеголь Кефир с массовой долей жира 2,5% «Нежеголь»",2.5,https://rskrf.ru/goods/kefir-s-massovoy-doley-zhira-2-5-nezhegol/
Авида Кефир с массовой долей жира 2.5% «Авида»,2.5,https://rskrf.ru/goods/kefir-s-massovoy-doley-zhira-2-5-avida/
"Свитлогорье Кефир с массовой долей жира 3,2 %",3.2,https://rskrf.ru/goods/kefir-s-massovoy-doley-zhira-3-2-/
"Ярмолпрод Кефир, массовая доля жира - 3.2%",3.2,https://rskrf.ru/goods/kefir-massovaya-dolya-zhira-3-2--0a8df8/
Летний луг,5.000,https://rskrf.ru/goods/letniy-lug/
Чебаркульское молоко,5.000,https://rskrf.ru/goods/chebarkulskoe-moloko/
Первый вкус,5.000,https://rskrf.ru/goods/pervyy-vkus/
Северодвинск-Молоко,5.000,https://rskrf.ru/goods/severodvinsk-moloko/
Добрая Кормилица,5.000,https://rskrf.ru/goods/dobraya-kormilitsa/
Коровка из Кореновки,5.000,https://rskrf.ru/goods/korovka-iz-korenovki-7fa1d9/
Вологодский Молочный АПК,5.000,https://rskrf.ru/goods/vologodskiy-molochnyy-apk/
Шекснинский Маслозавод,5.000,https://rskrf.ru/goods/sheksninskiy-maslozavod/
Вятушка,5.000,https://rskrf.ru/goods/vyatushka/
Славмо,5.000,https://rskrf.ru/goods/slavmo/
Стожок,5.000,https://rskrf.ru/goods/stozhok/
Нижняя Тавда,5.000,https://rskrf.ru/goods/nizhnyaya-tavda/
Вологодский Пломбир,4.909,https://rskrf.ru/goods/vologodskiy-plombir/
Русский Холод,4.818,https://rskrf.ru/goods/russkiy-kholod/
Эскимос,4.746,https://rskrf.ru/goods/nash-plombir-na-slivkakh-morozhenoe-plombir-vanilnyy-v-vafelnom-stakanchike/
Купино,4.691,https://rskrf.ru/goods/morozhenoe-plombir-v-vafelnom-stakanchike/
Русский Холод Ссср,4.655,https://rskrf.ru/goods/russkiy-kholod-sssr/
Spar,4.618,https://rskrf.ru/goods/morozhenoe-plombir-vanilnyy-v-vafelnom-stakanchike-massovaya-dolya-zhira-15-/
Шибаланская А.а.,4.609,https://rskrf.ru/goods/ip-shibalanskaya-a-a/
Иней,4.600,https://rskrf.ru/goods/iney/
Фабрика Грёз,4.573,https://rskrf.ru/goods/fabrika-gryez/
Айсберри,4.446,https://rskrf.ru/goods/aysberri/
Мороженое От Деда Мороза,4.146,https://rskrf.ru/goods/morozhenoe-ot-deda-moroza/
Чистая Линия,4.018,https://rskrf.ru/goods/chistaya-liniya/
Томмолоко,5.000,https://rskrf.ru/goods/tommoloko-5f72a7/
Молочная сказка,5.000,https://rskrf.ru/goods/molochnaya-skazka/
Приволжский молочный завод,5.000,https://rskrf.ru/goods/privolzhskiy-molochnyy-zavod/
Выбор хозяйки,5.000,https://rskrf.ru/goods/vybor-khozyayki/
Крестьянское,5.000,https://rskrf.ru/goods/krestyanskoe/
Fine life,5.000,https://rskrf.ru/goods/fine-life-1d231c/
Домик в деревне,5.000,https://rskrf.ru/goods/domik-v-derevne-3c8d38/
Простоквашино,5.000,https://rskrf.ru/goods/prostokvashino-7c6033/
Кот де Франс,5.000,https://rskrf.ru/goods/kot-de-frans/
Каждый день,5.000,https://rskrf.ru/goods/kazhdyy-den-6fe543/
Чабан,5.000,https://rskrf.ru/goods/chaban-b6405d/
Козельское живое,5.000,https://rskrf.ru/goods/kozelskoe-zhivoe/
Большая кружка,5.000,https://rskrf.ru/goods/smetana-s-massovoy-doley-zhira-20-bolshaya-kruzhka/
Амка,5.000,https://rskrf.ru/goods/smetana-massovaya-dolya-zhira-20-amka/
Томмолоко,5.000,https://rskrf.ru/goods/smetana-massovaya-dolya-zhira-20-tommoloko/
Parmalat,5.000,https://rskrf.ru/goods/smetana-s-massovoy-doley-zhira-20-parlamat/
Бежин луг,5.000,https://rskrf.ru/goods/smetana-s-massovoy-doley-zhira-20-bezhin-lug/
Ростагроэкспорт (Термостатная),5.000,https://rskrf.ru/goods/smetana-termostatnaya-massovaya-dolya-zhira-20-rostagroeksport/
Ростагроэкспорт,5.000,https://rskrf.ru/goods/smetana-massovaya-dolya-zhira-20-rostagroeksport/
Советские Традиции,5.000,https://rskrf.ru/goods/smetana-sovetskie-traditsii-massovaya-dolya-zhira-20/
Рузская Сметана,5.000,https://rskrf.ru/goods/ruzskaya-smetana-m-d-zhira-20/
Братья Чебурашкины,5.000,https://rskrf.ru/goods/smetana-20-traditsionnaya-bratya-cheburashkiny-termostatnyy-produkt/
Б.Ю. Александров,5.000,https://rskrf.ru/goods/smetana-b-yu-aleksandrov-massovaya-dolya-zhira-20-/
Коровка из Кореновки,5.000,https://rskrf.ru/goods/smetana-termostatnaya-massovaya-dolya-zhira-20-korovka-iz-korenovki/
Томмолоко,5.000,https://rskrf.ru/goods/tommoloko/
Белый Город,5.000,https://rskrf.ru/goods/belyy-gorod/
Агрокомплекс,5.000,https://rskrf.ru/goods/agrokompleks-0891c6/
Братья Чебурашкины,5.000,https://rskrf.ru/goods/bratya-cheburashkiny/
Коровка из Кореновки,5.000,https://rskrf.ru/goods/korovka-iz-korenovki-be8937/
Вожгалы,5.000,https://rskrf.ru/goods/vozhgaly/
Томское молоко,5.000,https://rskrf.ru/goods/tomskoe-moloko/
Славмо,5.000,https://rskrf.ru/goods/slavmo-eecdc1/
Брест Литовский,5.000,https://rskrf.ru/goods/brest-litovskiy/
Вологжанка,5.000,https://rskrf.ru/goods/vologzhanka-d513cb/
Вятушка,5.000,https://rskrf.ru/goods/vyatushka-7b7819/
President,5.000,https://rskrf.ru/goods/president/
Dzintars Сыр фасованный «Российский»,4.050,https://rskrf.ru/goods/syr-fasovannyy-rossiyskiy-a88e44/
"Великолукский молочный комбинат Сыр полутвердый, фасованный, «Российский»",4.050,https://rskrf.ru/goods/syr-polutverdyy-fasovannyy-rossiyskiy-/
Ровеньки Сыр фасованный «Российский»,4.025,https://rskrf.ru/goods/syr-fasovannyy-rossiyskiy/
Луговая свежесть Сыр фасованный «Российский»,4.025,https://rskrf.ru/goods/syr-fasovannyy-rossiyskiy-017867/
Магнит Сыр фасованный «Российский»,4.025,https://rskrf.ru/goods/syr-fasovannyy-rossiyskiy-595c6e/
"Laime Сыр фасованный «Российский», молодой",4.000,https://rskrf.ru/goods/syr-fasovannyy-rossiyskiy-molodoy/
Valio Сыр «Российский» фасованный,4.000,https://rskrf.ru/goods/syr-rossiyskiy-fasovannyy-/
"Избёнка Сыр «Российский», нарезка",3.800,https://rskrf.ru/goods/syr-rossiyskiy-narezka/
Добряна Сыр полутвердый «Российский» большой,3.800,https://rskrf.ru/goods/syr-polutverdyy-rossiyskiy-bolshoy/
Сыробогатов Сыр фасованный «Российский»,3.775,https://rskrf.ru/goods/syr-fasovannyy-rossiyskiy-7f3d21/
Красная цена Сыр «Российский»,3.775,https://rskrf.ru/goods/syr-rossiyskiy/
Белебеевский Сыр «Российский»,3.775,https://rskrf.ru/goods/syr-rossiyskiy-6ac81d/
Рузское,5.000,https://rskrf.ru/goods/maslo-slivochnoe-traditsionnoe-ruzskoe-vysshiy-sort-massovaya-dolya-zhira-82-5/
Простоквашино,5.000,https://rskrf.ru/goods/maslo-slivochnoe-massovaya-dolya-zhira-82-0-vysshiy-sort-prostokvashino/
Ровеньки,5.000,https://rskrf.ru/goods/maslo-slivochnoe-traditsionnoe-massovaya-dolya-zhira-82-5-vysshiy-sort/
Карат,5.000,https://rskrf.ru/goods/maslo-slivochnoe-domashnee-massovaya-dolya-zhira-82-5-/
Лав продукт,5.000,https://rskrf.ru/goods/maslo-slivochnoe-traditsionnoe-sladko-slivochnoe-nesolenoe/
Усадьба Ильинское,5.000,https://rskrf.ru/goods/maslo-slivochnoe-traditsionnoe-usadba-ilinskoe-semeynye-traditsii-massovaya-dolya-zhira-82-5-vysshiy/
Правильное масло,5.000,https://rskrf.ru/goods/maslo-sladko-slivochnoe-traditsionnoe-tm-pravilnoe-maslo-iz-tselnogo-moloka/
Arla Natura,5.000,https://rskrf.ru/goods/maslo-slivochnoe-nesolyenoe-arla-natura-82/
Fine life,5.000,https://rskrf.ru/goods/maslo-sladko-slivochnoe-traditsionnoe-nesolyenoe-vysshiy-sort-massovaya-dolya-zhira-82-5-/
Lattesco,4.920,https://rskrf.ru/goods/maslo-slivochnoe-traditsionnoe-massovaya-dolya-zhira-82-5-sort-vysshiy/
Viola,4.920,https://rskrf.ru/goods/maslo-viola-slivochnoe-massovaya-dolya-zhira-82/
Домик в деревне,4.920,https://rskrf.ru/goods/maslo-slivochnoe-otbornoe-s-massovoy-doley-zhira-82-5/
"Хороший вкус Полуфабрикаты мясные, рубленые, категории Б, фасованные, неформованные. Фарш мясной «Домашний», «Хороший вкус»",4.630,https://rskrf.ru/goods/polufabrikaty-myasnye-rublennye-kategorii-b-fasovannye-neformovannye-farsh-myasnoy-domashniy-khorosh/
"Окраина Фарш «Домашний» «Окраина», полуфабрикат мясной, рубленый, категории В, охлаждённый",4.568,https://rskrf.ru/goods/farsh-domashniy-okraina-polufabrikat-myasnoy-rublennyy-kategorii-v-okhlazhdyennyy/
"Мираторг Фарш «Домашний» «Мираторг», полуфабрикат мясной, рубленый, неформованный, категории Б, охлаждённый, упаковано с применением защитной атмосферы.",4.506,https://rskrf.ru/goods/farsh-domashniy-miratorg-polufabrikat-myasnoy-rublennyy-neformovannyy-kategorii-b-okhlazhdyennyy-upa/
"Дикси Полуфабрикат мясной, рубленый, категории Б, охлажденный. Фарш «Домашний», «Дикси».",4.490,https://rskrf.ru/goods/polufabrikat-myasnoy-rublennyy-kategorii-b-okhlazhdennyy-farsh-domashniy-diksi-/
"Фарш, приготовленный в лаборатории из свежего мяса Фарш из свинины и говядины",4.409,https://rskrf.ru/goods/farsh-iz-svininy-i-govyadiny/
Ашан Фарш «Домашний» (свинина + говядина) «Ашан»,4.332,https://rskrf.ru/goods/farsh-domashniy-svinina-govyadina-ashan/
Ремит Фарш «Домашний» охлаждённый «Ремит».,4.280,https://rskrf.ru/goods/farsh-domashniy-okhlazhdyennyy-remit-/
"Самсон «Самсон», полуфабрикат мясной, рубленый, категории Б, охлажденный.",4.126,https://rskrf.ru/goods/samson-polufabrikat-myasnoy-rublennyy-kategorii-b-okhlazhdennyy-/
"Великолукский мясокомбинат Фарш «Домашний» охлажденный, «Великолукский мясокомбинат»",3.852,https://rskrf.ru/goods/farsh-domashniy-okhlazhdennyy-velikolukskiy-myasokombinat/
"Дороничи Фарш «Домашний», п/ф мясной, рубленый, категории Б, охлажденный «Дороничи», лоток.",3.588,https://rskrf.ru/goods/farsh-domashniy-p-f-myasnoy-rublennyy-kategorii-b-okhlazhdennyy-doronichi-lotok/
"Новгородский бекон Полуфабрикат мясной, из свинины и говядины, рубленый, фарш мясной, категории Б, охлажденный «Домашний».",3.554,https://rskrf.ru/goods/polufabrikat-myasnoy-iz-svininy-i-govyadiny-rublennyy-farsh-myasnoy-kategorii-b-okhlazhdennyy-domash/
"О'кей Фарш «Домашний» охлаждённый, «О'кей», полуфабрикат мясной, рубленый, категории Б. Охлаждённый.",3.410,https://rskrf.ru/goods/farsh-domashniy-okhlazhdyennyy-o-key-polufabrikat-myasnoy-rublennyy-kategorii-b-okhlazhdyennyy/
"Лента Яйцо пищевое, куриное, столовое, отборной категории",5.000,https://rskrf.ru/goods/yaytso-pishchevoe-kurinoe-stolovoe-otbornoy-kategorii/
"Самое вкусное Яйцо пищевое, куриное, столовое",5.000,https://rskrf.ru/goods/yaytso-pishchevoe-kurinoe-stolovoe/
"Птицефабрика «Владимировская» Яйцо куриное пищевое, столовое, отборное (СО - категория)",4.600,https://rskrf.ru/goods/yaytso-kurinoe-pishchevoe-stolovoe-otbornoe-so-kategoriya/
Волжанин Яйца куриные отборной категории,4.350,https://rskrf.ru/goods/yaytsa-kurinye-otbornoy-kategorii/
"Птицефабрика «Атемарская» Яйца куриные пищевые, столовые, отборные",4.350,https://rskrf.ru/goods/yaytsa-kurinye-pishchevye-stolovye-otbornye/
"Лето Яйца куриные, пищевые, столовые, отборной категории (10 штук)",10.4,https://rskrf.ru/goods/yaytsa-kurinye-pishchevye-stolovye-otbornoy-kategorii-15dd0d/
"Птицефабрика «Боровская» Яйца куриные пищевые, столовые (О - отборная категория)",4.325,https://rskrf.ru/goods/yaytsa-kurinye-pishchevye-stolovye-o-otbornaya-kategoriya/
"Авдон Яйца куриные пищевые, столовые, СО (отборная категория)",4.325,https://rskrf.ru/goods/yaytsa-kurinye-pishchevye-stolovye-so-otbornaya-kategoriya/
"Птицефабрика Оренбургская Яйцо куриное пищевое, столовое, отборной категории СО «Купеческое»",4.325,https://rskrf.ru/goods/yaytso-kurinoe-pishchevoe-stolovoe-otbornoy-kategorii-so-kupecheskoe/
Птицефабрика «Моргаушская» Яйцо столовое О-категории (отборное),4.300,https://rskrf.ru/goods/yaytso-stolovoe-o-kategorii-otbornoe/
"Птицефабрика «Молодёжная» Яйцо куриное пищевое, категория: отборное",4.100,https://rskrf.ru/goods/yaytso-kurinoe-pishchevoe-kategoriya-otbornoe/
"Чебаркульская птица Яйца куриные пищевые, столовые, отборной категории",4.025,https://rskrf.ru/goods/yaytsa-kurinye-pishchevye-stolovye-otbornoy-kategorii-784d85/
"Сибирская коллекция Пельмени фирменные, полуфабрикаты мясные в тесте, категория Б. «Сибирская коллекция»",4.395,https://rskrf.ru/goods/pelmeni-firmennye-sibirskaya-kollektsiya-800-g-/
"Дымов Мясной полуфабрикат в тесте, пельмени «Омские», категории В",4.373,https://rskrf.ru/goods/myasnoy-polufabrikat-v-teste-zamorozhennyy-pelmeni-omskie-kategorii-v/
"Цезарь Полуфабрикаты мясосодержащие в тесте, категории В, «Цезарь» классические",4.363,https://rskrf.ru/goods/polufabrikaty-myasosoderzhashchie-v-teste-kategorii-v-zamorozhennye-tsezar-klassicheskie-/
"Папа может (Останкино) Полуфабрикат в тесте с мясной начинкой, категории В, «Останкино. Папа может»",4.355,https://rskrf.ru/goods/polufabrikat-v-teste-s-myasnoy-nachinkoy-kategorii-v-zamorozhennyy-ostankino-papa-mozhet-500-g-/
Ермолино Пельмени классические «Ермолино»,4.353,https://rskrf.ru/goods/pelmeni-klassicheskie-ermolino-/
"Мясницкий ряд Мясной полуфабрикат в тесте, категории В, пельмени «Мясницкий ряд»",4.323,https://rskrf.ru/goods/myasnoy-zamorozhennyy-formovannyy-polufabrikat-v-teste-kategorii-v-pelmeni-myasnitskiy-ryad-/
"Атяшево Полуфабрикат в тесте, с мясной начинкой, категории Б, пельмени «Атяшевский пельменЪ»",4.302,https://rskrf.ru/goods/polufabrikat-v-teste-s-myasnoy-nachinkoy-kategorii-b-pelmeni-atyashevskiy-pelmen-zamorozhennye-fasov/
"Мираторг Полуфабрикат мясной в тесте, категории В. «Мираторг», пельмени домашние",4.301,https://rskrf.ru/goods/polufabrikat-myasnoy-v-teste-kategorii-v-zamorozhennyy-miratorg-/
"Вкусвилл Полуфабрикаты рубленые в тесте, мясные. Пельмени с говядиной и свининой, категории А, «ВкусВилл»",4.261,https://rskrf.ru/goods/pelmeni-s-govyadinoy-i-svininoy-kategoriya-a-vkusvill-polufabrikaty-rublenye-v-teste-myasnye-zamorozh/
"ДобрынинЪ Мясной полуфабрикат в тесте, категории В, пельмени русские «ДобрынинЪ»",4.253,https://rskrf.ru/goods/myasnoy-polufabrikat-v-teste-zamorozhennyy-kategorii-v-pelmeni-russkie-dobrynin-800g/
"Уральские пельмени Мясной полуфабрикат в тесте. Пельмени «Домашние», категории В «Уральские пельмени»",4.233,https://rskrf.ru/goods/myasnoy-polufabrikat-v-teste-zamorozhennyy-pelmeni-domashnie-kategorii-v-uralskie-pelmeni-domashnie-/
"Желтая подводная лодка Пельмени «Желтая подводная лодка», с говядиной и свининой, мясные полуфабрикаты в тесте, категории В",4.221,https://rskrf.ru/goods/pelmeni-zheltaya-podvodnaya-lodka-s-govyadinoy-i-svininoy-myasnye-polufabrikaty-v-teste-zamorozhenny/
Останкино,5.000,https://rskrf.ru/goods/shashlyk-svinoy-okhlazhdyennyy-polufabrikat-iz-svininy-melkokuskovoy-myasnoy-kategorii-b/
Мираторг,5.000,https://rskrf.ru/goods/polufabrikat-myasnoy-iz-svininy-melkokuskovoy-beskostnyy-kategorii-b-okhlazhdyennyy-v-vakuumnoy-upak/
Жар Мясо,5.000,https://rskrf.ru/goods/shashlyk-dlya-piknika-v-marinade-polufabrikat-melkokuskovoy-beskostnyy-kategorii-b-okhlazhdennyy/
Globus (Глобус),4.950,https://rskrf.ru/goods/shashlyk-iz-svinoy-grudinki-globus-polufabrikat-myasnoy-kuskovoy-myasokostnyy-melkokuskovoy-kategori/
Ремит,4.920,https://rskrf.ru/goods/shashlyk-svinoy-iz-sheyki-okhlazhdennyy-polufabrikat-myasnoy-melkokuskovoy-beskostnyy-iz-svininy-kat/
Агрокомплекс,4.920,https://rskrf.ru/goods/polufabrikat-myasnoy-melkokuskovoy-beskostnyy-marinovannyy-iz-svininy-kategorii-a-shashlyk-svinoy-okh/
Великолукский мясокомбинат,4.330,https://rskrf.ru/goods/shashlyk-iz-svinoy-shei-zamorozh-myasnoy-bezkostnyy-melkokuskovoy-zamorozhennyy-polufabrikat-kategor/
Окраина,4.200,https://rskrf.ru/goods/shashlyk-klassicheskiy-okraina-polufabrikat-myasnoy-iz-svininy-v-marinade-melkokuskovoy-beskostnyy-k/
Череповецкий Мясокомбинат,4.180,https://rskrf.ru/goods/polufabrikat-myasnoy-kuskovoy-beskostnyy-v-marinade-okhlazhdyennyy-fasovannyy-kategorii-b-shashlyk-i/
Микоян,4.000,https://rskrf.ru/goods/shashlyk-po-mikoyanovski-polufabrikaty-myasnye-iz-svininy-melkokuskovye-beskostnye-katerii-b-produkt/
Фрэш,3.840,https://rskrf.ru/goods/shashlyk-iz-fermerskoy-svininy/
Мясницкий ряд,3.760,https://rskrf.ru/goods/shashlyk-po-bavarski-p-e-vedro-2kg/
"Челны-Бройлер Тушка цыпленка-бройлера 1 сорта потрошеная, охлажденная ""Челны-бройлер""",1.5,https://rskrf.ru/goods/tushka-tsyplenka-broylera-1-sorta-potroshenaya-okhlazhdennaya-chelny-broyler/
"Приосколье Цыплёнок охлажденный 1 сорт потрошеный ""Приосколье""",1.5,https://rskrf.ru/goods/tsyplyenok-okhlazhdennyy-1-sort-potroshenyy-prioskole/
Ярославский Бройлер (Халяль) Цыпленок-бройлер 1 сорта «Ярославский бройлер» (ХАЛЯЛЬ) (цв. пакет) охл. А,1.5,https://rskrf.ru/goods/tsyplenok-broyler-1-sorta-yaroslavskiy-broyler-khalyal-tsv-paket-okhl-a/
"Аль Сафа Хафа Тушка цыпленка-бройлера 1 сорта потрошеная, охлажденная Аль Сафа Халяль",1.5,https://rskrf.ru/goods/tushka-tsyplenka-broylera-1-sorta-potroshenaya-okhlazhdennaya-al-safa-khalyal/
"Каждый день Тушка цыпленка-бройлера 1-го сорта потрошёная, охлаждённая ""Каждый день""",1.5,https://rskrf.ru/goods/tushka-tsyplenka-broylera-1-go-sorta-potroshyenaya-okhlazhdyennaya-kazhdyy-den/
"Первая Свежесть Тушки бройлеров 1 категории охлаждённые ""Первая свежесть""",1.5,https://rskrf.ru/goods/tushki-broylerov-1-kategorii-okhlazhdyennye-pervaya-svezhest/
Куриное Царство Мясо кур (тушка цыплёнка-бройлера) 1 сорт ТМ Куриное царство,1.5,https://rskrf.ru/goods/myaso-kur-tushka-tsyplyenka-broylera-1-sort-tm-kurinoe-tsarstvo/
Павловская Курочка Тушка ЦБ 1 сорт охл. (пакет) Потрошеная продукт охлажденный,1.5,https://rskrf.ru/goods/tushka-tsb-1-sort-okhl-paket-potroshenaya-produkt-okhlazhdennyy/
"Вкусвилл Тушка цыпленка-бройлера 1-го сорта потрошёная, охлаждённая ""Вкусвилл""",1.5,https://rskrf.ru/goods/tushka-tsyplenka-broylera-1-go-sorta-potroshyenaya-okhlazhdyennaya-vkusvill/
"Белая Птица Тушка цыпленка-бройлера 1-го сорта потрошёная, охлаждённая",1.4,https://rskrf.ru/goods/tushka-tsyplenka-broylera-1-go-sorta-potroshyenaya-okhlazhdyennaya/
Мираторг Тушка цыпленка-бройлера 1 сорта потрошеная,1.4,https://rskrf.ru/goods/tushka-tsyplenka-broylera-1-sorta-potroshenaya/
"Троекурово Тушки бройлеров охлажденные 1 Категории т.м. ""Троекурово""",1.4,https://rskrf.ru/goods/tushki-broylerov-okhlazhdennye-1-kategorii-t-m-troekurovo/
Зеленая Грядка Томаты сливка фас.р,600.5,https://rskrf.ru/goods/tomaty-slivka-fas-600-gr/
Алиев Анар Газанфар Оглы Дск Томаты Бакинские 600 г,600.5,https://rskrf.ru/goods/dsk-tomaty-bakinskie-600-g/
Fine life Томаты Fine Line (лоток),5.000,https://rskrf.ru/goods/tomaty-fine-life/
Легенды Вкуса Помидоры Легенды Вкуса,4.500,https://rskrf.ru/goods/pomidory/
"Cooperative Agricole Adrar Помидоры черри красные (0,250)",0.250,https://rskrf.ru/goods/pomidory-cherri-krasnye-0-250/
Моё Лето СМ Томаты на ветке Россия 700 гр,700.4,https://rskrf.ru/goods/sm-tomaty-na-vetke-rossiya-700-g/
С Чистого Листа Томат черри желтые 250 гр.,250.4,https://rskrf.ru/goods/tomat-cherri-zheltyy-250-gr/
Фрукт Трейд Томаты на ветке фас 500 г,500.4,https://rskrf.ru/goods/tomaty-na-vetke-fas-500-g/
Эко-Культура Томаты сливовидные красные свежие 600 г,600.4,https://rskrf.ru/goods/tomaty-slivovidnye-krasnye-svezhie-600g/
Экопрод СМ Томаты Бакинские 300 г,300.4,https://rskrf.ru/goods/sm-tomaty-bakinskie-300-g/
Амалес Томаты сливовидные 600гр - Амалес,600.3,https://rskrf.ru/goods/tomaty-slivovidnye-600gr-amales/
С Чистого Листа Томаты сливовидные желтые (Россия) 600 гр,600.3,https://rskrf.ru/goods/tomaty-slivovidnye-zheltye-rossiya-600-gr/
"Океанрыбфлот Филе дальневосточного минтая без кожи, мороженое «Океанрыбфлот». Высшая категория.",5.000,https://rskrf.ru/goods/file-dalnevostochnogo-mintaya-bez-kozhi-morozhenoe-okeanrybflot-vysshaya-kategoriya/
"Polar Минтай (Theragra chalcogramma), филе (кусочки мяса) порционное, полуфабрикат замороженный Polar. Категория А.",4.950,https://rskrf.ru/goods/mintay-theragra-chalcogramma-file-kusochki-myasa-portsionnoe-polufabrikat-zamorozhennyy-polar/
"Бухта изобилия Минтай, филе без кожи, мороженное, порционное «Бухта изобилия». Категория АЕ",4.750,https://rskrf.ru/goods/mintay-file-bez-kozhi-morozhennoe-portsionnoe-bukhta-izobiliya-kategoriya-ae/
"Fine life Минтай филе без кожи, замороженное. «Вкусвилл»",4.700,https://rskrf.ru/goods/mintay-file-bez-kozhi-zamorozhennoe-vkusvill-/
"Атлантика Минтай свежемороженый, филе без кожи. «Атлантика»",4.650,https://rskrf.ru/goods/mintay-svezhemorozhenyy-file-bez-kozhi-atlantika-57-113g-r-upakovka-1kg-/
"Agama Минтай. Филе без кожи, мороженый. Категория АЕ. AGAMA",4.610,https://rskrf.ru/goods/mintay-file-bez-kozhi-morozhenyy-kategoriya-ae-agama-/
"Фландерр Минтай морской, филе без кожи. «Фландерр»",4.500,https://rskrf.ru/goods/mintay-morskoy-file-bez-kozhi-flanderr-/
"Сахалин рыба Филе минтая без кожи, мороженое, порционное. «Сахалин рыба»",4.450,https://rskrf.ru/goods/file-mintaya-bez-kozhi-morozhenoe-portsionnoe-sakhalin-ryba/
Borealis Минтай тихоокеанский. Филе блочное без кости (высшая категория),4.290,https://rskrf.ru/goods/mintay-tikhookeanskiy-morozhenyy-borealis/
"Штурман КФ Минтай, филе без кожи мороженное «Штурман КФ»",4.110,https://rskrf.ru/goods/mintay-file-bez-kozhi-morozhennoe-shturman-kf/
Maridel Филе минтая мороженое (без кожи). Maridel,4.090,https://rskrf.ru/goods/file-mintaya-morozhenoe-bez-kozhi-maridel/
"Fish house Fish House. Минтай, филе б/к, мороженое",3.990,https://rskrf.ru/goods/fish-house-mintay-file-b-k-morozhenoe/
Тунайча,5.000,https://rskrf.ru/goods/ikra-lososevaya-zernistaya-pervyy-sort-tunaycha/
Globus,5.000,https://rskrf.ru/goods/ikra-lososevaya-zernistaya-pervyy-sort-globus/
Очень,5.000,https://rskrf.ru/goods/ikra-lososevaya-zernistaya-pervyy-sort-ochen-poleznaya/
Сделано В Море,4.950,https://rskrf.ru/goods/ikra-lososevaya-zernistaya-pervyy-sort-sdelano-v-more/
Срк,4.950,https://rskrf.ru/goods/ikra-lososevaya-zernistaya-gorbusha-a48da0/
Русский Рыбный Мир,4.925,https://rskrf.ru/goods/ikra-lososevaya-zernistaya-pervyy-sort-russkiy-rybnyy-mir/
Aro,4.910,https://rskrf.ru/goods/ikra-lososevaya-zernistaya-pervyy-sort-aro/
Тунгутун,4.910,https://rskrf.ru/goods/ikra-lososevaya-zernistaya-pervyy-sort-tungutun/
Oyster,4.875,https://rskrf.ru/goods/ikra-lososevaya-zernistaya-pervyy-sort-oyster/
Русское Море (Кета),4.875,https://rskrf.ru/goods/ikra-lososevaya-zernistaya-pervyy-sort-russkoe-more/
Мирамар,3.925,https://rskrf.ru/goods/ikra-lososevaya-zernistaya-pervyy-sort-miramar/
Авача,3.750,https://rskrf.ru/goods/ikra-lososevaya-zernistaya-pervyy-sort-avacha/
Магуро,4.240,https://rskrf.ru/goods/maguro-krevetka-severnaya-dikaya/
Fish House,4.080,https://rskrf.ru/goods/fish-house/
Первым делом,3.880,https://rskrf.ru/goods/pervym-delom/
Новый Океан,3.555,https://rskrf.ru/goods/novyy-okean/
Fine life,3.305,https://rskrf.ru/goods/fine-life/
Vici,3.205,https://rskrf.ru/goods/vici-prioriti/
Agama,3.200,https://rskrf.ru/goods/agama/
Vici,3.140,https://rskrf.ru/goods/vici-lyubo-est/
Бухта Изобилия,3.050,https://rskrf.ru/goods/bukhta-izobiliya-otbornye/
Каждый день,3.040,https://rskrf.ru/goods/kazhdyy-den/
Emborg,3.005,https://rskrf.ru/goods/emborg/
Aro,2.980,https://rskrf.ru/goods/aro/
Fish House Изделие кулинарное из имитированного мяса морепродуктов Fish House,4.800,https://rskrf.ru/goods/izdelie-kulinarnoe-iz-imitirovannogo-myasa-moreproduktov-krabovye-palochki-imitatsiya-fish-house/
Vici Приорити Крабовые палочки охлажденные «Vici Приорити»,4.750,https://rskrf.ru/goods/krabovye-palochki-zamorozhennye-vici-30ba35/
Tokimo Снежный Краб Крабовые палочки замороженные Tokimo «Снежный краб»,4.725,https://rskrf.ru/goods/krabovye-palochki-zamorozhennye-tokimo-snezhnyy-krab/
Меридиан Снежный Краб Крабовые палочки охлажденные «Меридиан» «Снежный краб»,4.600,https://rskrf.ru/goods/krabovye-palochki-zamorozhennye-meridian/
А`Море Крабовые палочки охлажденные «А'море»,4.600,https://rskrf.ru/goods/krabovye-palochki-zamorozhennye-russkoe-more-2b7e18/
Санта Бремор Снежный Краб Крабовые палочки охлажденные «Санта Бремор «Снежный краб»,4.600,https://rskrf.ru/goods/krabovye-palochki-zamorozhennye-santa-bremor-1056cf/
Русское Море Снежный Краб Крабовые палочки охлажденные «Русское море» «Снежный краб»,4.550,https://rskrf.ru/goods/krabovye-palochki-zamorozhennye-russkoe-more-e1d660/
Aland Крабовые палочки (имитация) охлаждённые Aland,4.450,https://rskrf.ru/goods/krabovye-palochki-imitatsiya-okhlazhdyennye-aland/
Vici С Мясом Натурального Краба Крабовые палочки охлажденные Vici «С мясом натурального краба»,4.400,https://rskrf.ru/goods/krabovye-palochki-zamorozhennye-vici-644df7/
Каждый день Крабовые палочки охлажденные «Каждый день»,4.400,https://rskrf.ru/goods/krabovye-palochki-zamorozhennye-kazhdyy-den/
Меридиан Крабовые палочки охлажденные «Меридиан»,4.400,https://rskrf.ru/goods/krabovye-palochki-zamorozhennye-meridian-07221a/
Vici Снежный Краб Крабовые палочки охлажденные Vici «Снежный краб»,4.200,https://rskrf.ru/goods/krabovye-palochki-zamorozhennye-vici/
"Agama Филе-кусок трески без кожи, мороженый Agama. Категория Е",5.000,https://rskrf.ru/goods/treska-file-kusok-bez-kozhi-morozhenyy-kategoriya-e-agama/
Yagry Brand Филе трески без кожи мороженое Yagry brand. Заморожено в море,5.000,https://rskrf.ru/goods/file-treski-bez-kozhi-morozhenoe-zamorozheno-v-more-yagry-brand/
Ff Variant Филе трески без кожи мороженое FF Variant. Заморожено в море,5.000,https://rskrf.ru/goods/file-treski-bez-kozhi-morozhenoe-zamorozheno-v-more-ff-variant/
"Бухта Изобилия Филе трески без кожи, замороженное блоками, порционированное «Бухта изобилия»",5.000,https://rskrf.ru/goods/treska-file-bez-kozhi-zamorozhennoe-blokami-portsionirovannoe-bukhta-izobiliya/
"Рыбный год Филе трески без кожи глазированное, полуфабрикат из рыбы мороженый «Рыбный год»",5.000,https://rskrf.ru/goods/polufabrikat-iz-ryby-morozhenyy-file-treski-bez-kozhi-glazirovannoe-rybnyy-god/
Бухта Изобилия Филе-кусок трески без кожи мороженый категории АЕ «Бухта изобилия»,5.000,https://rskrf.ru/goods/treska-file-kusok-bez-kozhi-morozhenyy-kategoriya-ae-bukhta-izobiliya-/
Atlantika Филе трески без кожи мороженое Atlantika,5.000,https://rskrf.ru/goods/file-treski-bez-kozhi-morozhenoe-atlantika/
Штурман Кф Филе трески без кожи мороженое «Штурман КФ»,4.640,https://rskrf.ru/goods/file-treski-bez-kozhi-morozhenoe-shturman-kf-/
Серебро Морей Филе трески б/к с/м «Серебро морей»,4.640,https://rskrf.ru/goods/file-treski-b-k-s-m-serebro-morey-/
Flipper Филе трески без кожи мороженое Flipper,4.640,https://rskrf.ru/goods/file-treski-bez-kozhi-morozhenoe-flipper/
Магуро Филе трески мороженое «Магуро»,4.500,https://rskrf.ru/goods/treska-file-morozhenoe-maguro/
"Тафтин Филе атлантической трески с/м б/к, в/у «ИП Тафтин»",4.500,https://rskrf.ru/goods/treska-atlanticheskaya-file-s-m-b-k-v-u-ip-taftin-/
Санта Бремор Семга слабосоленая филе-ломтики,5.000,https://rskrf.ru/goods/semga-slabosolenaya-file-lomtiki/
Русское Море Форель слабосоленая филе-ломтики,5.000,https://rskrf.ru/goods/forel-slabosolenaya-file-lomtiki/
Каждый день Изделия деликатесные из лососевых рыб слабосоленых (семга ломтики),4.700,https://rskrf.ru/goods/izdeliya-delikatesnye-iz-lososevykh-ryb-slabosolenykh-semga-lomtiki/
Мореслав Изделия деликатесные из лососевых рыб. Семга слабосоленая,4.200,https://rskrf.ru/goods/izdeliya-delikatesnye-iz-lososevykh-ryb-semga-slabosolenaya/
Каждый день Рыба слабосоленая филе-ломтики: кижуч дальневосточный,3.500,https://rskrf.ru/goods/ryba-slabosolenaya-file-lomtiki-kizhuch-dalnevostochnyy/
Plesk Нерка слабосоленая ломтики,3.500,https://rskrf.ru/goods/nerka-slabosolenaya-lomtiki/
Брк (Бисеровский Рыбокомбинат) Форель филе-ломтики соленые,3.500,https://rskrf.ru/goods/forel-file-lomtiki-solenye/
"Fine life Форель слабосоленая ломтики, изделия деликатесные из лососевых рыб слабосоленые",3.300,https://rskrf.ru/goods/forel-slabosolenaya-lomtiki-izdeliya-delikatesnye-iz-lososevykh-ryb-slabosolenye/
Каждый день Изделия деликатесные из лососевых рыб слабосоленые (форель ломтики),3.000,https://rskrf.ru/goods/izdeliya-delikatesnye-iz-lososevykh-ryb-slabosolenye-forel-lomtiki/
Fine life Кета слабой соли ломтики из филе,2.500,https://rskrf.ru/goods/keta-slaboy-soli-lomtiki-iz-file/
"Бухта Изобилия Семга, филе-ломтики без кожи слабосоленые",2.500,https://rskrf.ru/goods/semga-file-lomtiki-bez-kozhi-slabosolenye/
"Бухта Изобилия Форель, филе-ломтики без кожи, слабосоленые",2.500,https://rskrf.ru/goods/forel-file-lomtiki-bez-kozhi-slabosolenye/
Союз- Биллион Томилинская сельдь филе в масле. Пресервы рыбные.,5.000,https://rskrf.ru/goods/tomilinskaya-seld-file-v-masle-preservy-rybnye/
Globus Сельдь филе кусочки в масле. Пресервы рыбные,5.000,https://rskrf.ru/goods/seld-file-kusochki-v-masle-preservy-rybnye/
Globus Сельдь филе в масле. Пресервы рыбные,5.000,https://rskrf.ru/goods/seld-file-v-masle-preservy-rybnye/
Большой Улов Пресервы из разделанной рыбы. Сельдь в масле,5.000,https://rskrf.ru/goods/preservy-iz-razdelannoy-ryby-seld-v-masle/
Меридиан Сельдь филе кусочки в масле. Пресервы,4.820,https://rskrf.ru/goods/seld-file-kusochki-v-masle-preservy/
Балтийский берег Сельдь филе кусочки в масле. Пресервы,3.650,https://rskrf.ru/goods/seld-file-kusochki-v-masle-preservy-0173a9/
О'кей Сельдь атлантическая филе кусочки «матье» в масле. Пресервы рыбные,3.500,https://rskrf.ru/goods/seld-atlanticheskaya-file-kusochki-mate-v-masle-preservy-rybnye/
Капитан Вкусов Сельдь в масле филе кусочки. Пресервы рыбные,3.500,https://rskrf.ru/goods/seld-v-masle-file-kusochki-preservy-rybnye/
"То, что надо Пресервы рыбные: сельдь атлантическая филе кусочки «матье» в масле",3.500,https://rskrf.ru/goods/preservy-rybnye-seld-atlanticheskaya-file-kusochki-mate-v-masle/
Norli Филе кусочки сельдь атлантическая. Пресервы рыбные,3.320,https://rskrf.ru/goods/file-kusochki-seld-atlanticheskaya-preservy-rybnye/
Рик Филе кусочки сельдь в масле. Пресервы рыбные,3.320,https://rskrf.ru/goods/file-kusochki-seld-v-masle-preservy-rybnye/
Billa Сельдь филе в масле. Пресервы рыбные.,2.500,https://rskrf.ru/goods/seld-file-v-masle-preservy-rybnye-a29951/
Heinz Кетчуп Томатный Heinz,5.000,https://rskrf.ru/goods/ketchup-tomatnyy-khaynts-4294c0/
Calve Кальве кетчуп томатный. Первая категория.,5.000,https://rskrf.ru/goods/kalve-ketchup-tomatnyy-pervaya-kategoriya/
Слобода Кетчуп «Слобода» Томатный. Высшая категория,5.000,https://rskrf.ru/goods/ketchup-sloboda-tomatnyy-vysshaya-kategoriya/
"Mr.Ricco Кетчуп ""томатный"" Pomodoro Speciale Mr.Ricco. Высшая категория.",5.000,https://rskrf.ru/goods/ketchup-tomatnyy-pomodoro-speciale-mr-ricco-vysshaya-kategoriya/
"Mr.Ricco Кетчуп ""томатный"" Pomodoro Speciale Mr.Ricco. Высшая категория. Пастеризованный.",5.000,https://rskrf.ru/goods/ketchup-tomatnyy-pomodoro-speciale-mr-ricco-vysshaya-kategoriya-pasterizovannyy/
Heinz Кетчуп Томатный Heinz,5.000,https://rskrf.ru/goods/ketchup-tomatnyy-khaynts/
Mutti Кетчуп томатный «Tomato Ketchup»,5.000,https://rskrf.ru/goods/ketchup-tomatnyy-tomato-ketchup/
Heinz Кетчуп Томатный Heinz,5.000,https://rskrf.ru/goods/ketchup-tomatnyy-heinz/
Д Кетчуп Томатный первой категории. Нестерилизованный.,4.500,https://rskrf.ru/goods/ketchup-tomatnyy-pervoy-kategorii-nesterilizovannyy/
Красная цена Кетчуп высшей категории (нестерилизованный) томатный «Красная цена»,4.500,https://rskrf.ru/goods/ketchup-vysshey-kategorii-nesterilizovannyy-tomatnyy-krasnaya-tsena/
Махеевъ Кетчуп «Томатный». Первая категория.,4.500,https://rskrf.ru/goods/ketchup-tomatnyy-pervaya-kategoriya/
Fine life Кетчуп «томатный» первой категории,3.800,https://rskrf.ru/goods/ketchup-tomatnyy-pervoy-kategorii/
Heinz Кетчуп для гриля и шашлыка,5.000,https://rskrf.ru/goods/ketchup-dlya-grilya-i-shashlyka/
Mr.Ricco Кетчуп для гриля и шашлыка. Пастеризованный.,5.000,https://rskrf.ru/goods/ketchup-dlya-grilya-i-shashlyka-pasterizovannyy/
Слобода Шашлычный кетчуп. Высшая категория.,5.000,https://rskrf.ru/goods/shashlychnyy-ketchup-vysshaya-kategoriya/
365 дней Кетчуп шашлычный второй категории. Нестерилизованный.,365.2,https://rskrf.ru/goods/ketchup-shashlychnyy-vtoroy-kategorii-nesterilizovannyy/
"То, что надо Кетчуп шашлычный. Вторая категория.",2.500,https://rskrf.ru/goods/ketchup-shashlychnyy-vtoraya-kategoriya/
Махеевъ Кетчуп шашлычный. Первая категория.,2.500,https://rskrf.ru/goods/ketchup-shashlychnyy-pervaya-kategoriya/
Наш Продукт Кетчуп шашлычный. Вторая категория.,2.500,https://rskrf.ru/goods/ketchup-shashlychnyy-vtoraya-kategoriya-a65b39/
Моя Семья Кетчуп шашлычный.,2.500,https://rskrf.ru/goods/ketchup-shashlychnyy/
Calve Кетчуп к мясу на углях. Первая категория.,2.500,https://rskrf.ru/goods/ketchup-k-myasu-na-uglyakh-pervaya-kategoriya/
Д Дикси Шашлычный кетчуп высшей категории. Нестерилизованный.,2.500,https://rskrf.ru/goods/shashlychnyy-ketchup-vysshey-kategorii-nesterilizovannyy/
Кубаночка Томатный кетчуп.,2.500,https://rskrf.ru/goods/tomatnyy-ketchup/
Мака Кетчуп шашлычный.,2.500,https://rskrf.ru/goods/ketchup-shashlychnyy-f553ae/
Слобода Майонез Провансаль «Слобода»,5.000,https://rskrf.ru/goods/mayonez-provansal-sloboda/
Mr.Ricco Майонез Провансаль Mr. Ricco Organic,5.000,https://rskrf.ru/goods/mayonez-provansal-mr-ricco-organic/
Скит Майонез высококалорийный «Провансаль» СКИТ,5.000,https://rskrf.ru/goods/mayonez-vysokokaloriynyy-provansal-skit/
Сдобри Майонез Провансаль «Сдобри»,5.000,https://rskrf.ru/goods/mayonez-provansal-sdobri/
Ряба Майонез Провансаль «Ряба»,5.000,https://rskrf.ru/goods/mayonez-provansal-ryaba/
Букет Чувашии Майонез Провансаль м.д.ж. 67% «Букет»,67.5,https://rskrf.ru/goods/mayonez-provansal-m-d-zh-67-buket/
Новосибирский Провансаль Майонез «Новосибирский провансаль»,5.000,https://rskrf.ru/goods/mayonez-novosibirskiy-provansal/
Махеевъ Майонез «Провансаль Premium» Махеевъ,4.750,https://rskrf.ru/goods/mayonez-provansal-premium-makheev/
Московский Провансаль Майонез Провансаль классический «Московский Провансаль»,4.750,https://rskrf.ru/goods/mayonez-provansal-klassicheskiy-moskovskiy-provansal/
Оскар Майонез Провансаль классический «Оскар»,4.250,https://rskrf.ru/goods/mayonez-provansal-klassicheskiy-oskar/
Селяночка Майонез Провансаль «Селяночка»,4.250,https://rskrf.ru/goods/mayonez-provansal-selyanochka/
Globus Майонез классический с массовой долей жира 67% «Провансаль» Globus,67.4,https://rskrf.ru/goods/mayonez-klassicheskiy-s-massovoy-doley-zhira-67-provansal-globus/
Clever Сушки «Малышка» простые,5.000,https://rskrf.ru/goods/sushki-malyshka-prostye-08d976/
О'кей Сушки «Невелички» с маком,5.000,https://rskrf.ru/goods/sushki-nevelichki-s-makom/
Каравай Мини-сушки,5.000,https://rskrf.ru/goods/mini-sushki/
Золотой Колобок Сушки «Малышка» простые,5.000,https://rskrf.ru/goods/sushki-makovka-prostye/
Каждый день Сушки «Посольская малютка» с маком,5.000,https://rskrf.ru/goods/sushki-posolskaya-malyutka-s-makom-f79d6f/
Хлебозавод Автомат Сушки маковые,5.000,https://rskrf.ru/goods/sushki-makovye-0080e1/
Невская Сушки маковые,5.000,https://rskrf.ru/goods/sushki-makovye-ef93ee/
Aro Сушки простые из муки пшеничной высшего сорта,5.000,https://rskrf.ru/goods/sushki-prostye-iz-muki-pshenichnoy-vysshego-sorta/
Золотой Колобок Сушки «Малышка» с маком,4.880,https://rskrf.ru/goods/sushki-malyshka-prostye/
Румяные Традиции Сушки василеостровские «Малышка» маковые,4.880,https://rskrf.ru/goods/sushki-vasileostrovskie-malyshka-makovye/
Славный Пир Сушки к чаю,4.850,https://rskrf.ru/goods/sushki-k-chayu/
Лимак Сушки с маком,4.850,https://rskrf.ru/goods/sushki-s-makom/
